admin2Name_en,admin2Pcode,admin2RefName,admin2AltName1_en,admin2AltName2_en,admin1Name_en,admin1Pcode,admin0Name_en,admin0Pcode,date,validOn,validTo
Abbottabad,PK201,,,,Khyber Pakhtunkhwa,PK2,Pakistan,PK,2018-11-30,2018-12-18,
Attock,PK601,,,,Punjab,PK6,Pakistan,PK,2018-11-30,2018-12-18,
Awaran,PK701,,,,Balochistan,PK7,Pakistan,PK,2018-11-30,2018-12-18,
Badin,PK801,,,,Sindh,PK8,Pakistan,PK,2018-11-30,2018-12-18,
Bahawalnagar,PK602,,,,Punjab,PK6,Pakistan,PK,2018-11-30,2018-12-18,
Bahawalpur,PK603,,,,Punjab,PK6,Pakistan,PK,2018-11-30,2018-12-18,
Bajaur,PK232,,,,Khyber Pakhtunkhwa,PK2,Pakistan,PK,2018-11-30,2018-12-18,
Bannu,PK202,,,,Khyber Pakhtunkhwa,PK2,Pakistan,PK,2018-11-30,2018-12-18,
Barkhan,PK702,,,,Balochistan,PK7,Pakistan,PK,2018-11-30,2018-12-18,
Batagram,PK203,,,,Khyber Pakhtunkhwa,PK2,Pakistan,PK,2018-11-30,2018-12-18,
Bhakkar,PK604,,,,Punjab,PK6,Pakistan,PK,2018-11-30,2018-12-18,
Buner,PK204,,,,Khyber Pakhtunkhwa,PK2,Pakistan,PK,2018-11-30,2018-12-18,
Chagai,PK704,,,,Balochistan,PK7,Pakistan,PK,2018-11-30,2018-12-18,
Chakwal,PK605,,,,Punjab,PK6,Pakistan,PK,2018-11-30,2018-12-18,
Charsadda,PK205,,,,Khyber Pakhtunkhwa,PK2,Pakistan,PK,2018-11-30,2018-12-18,
Chiniot,PK606,,,,Punjab,PK6,Pakistan,PK,2018-11-30,2018-12-18,
Chitral,PK206,,,,Khyber Pakhtunkhwa,PK2,Pakistan,PK,2018-11-30,2018-12-18,
Dadu,PK802,,,,Sindh,PK8,Pakistan,PK,2018-11-30,2018-12-18,
Dera Bugti,PK705,,,,Balochistan,PK7,Pakistan,PK,2018-11-30,2018-12-18,
Dera Ghazi Khan,PK607,,,,Punjab,PK6,Pakistan,PK,2018-11-30,2018-12-18,
Dera Ismail Khan,PK207,,,,Khyber Pakhtunkhwa,PK2,Pakistan,PK,2018-11-30,2018-12-18,
Faisalabad,PK608,,,,Punjab,PK6,Pakistan,PK,2018-11-30,2018-12-18,
FR Bannu,PK239,,,,Khyber Pakhtunkhwa,PK2,Pakistan,PK,2018-11-30,2018-12-18,
FR Dera Ismail Khan,PK240,,,,Khyber Pakhtunkhwa,PK2,Pakistan,PK,2018-11-30,2018-12-18,
FR Kohat,PK241,,,,Khyber Pakhtunkhwa,PK2,Pakistan,PK,2018-11-30,2018-12-18,
FR Lakki Marwat,PK242,,,,Khyber Pakhtunkhwa,PK2,Pakistan,PK,2018-11-30,2018-12-18,
FR Peshawar,PK243,,,,Khyber Pakhtunkhwa,PK2,Pakistan,PK,2018-11-30,2018-12-18,
FR Tank,PK244,,,,Khyber Pakhtunkhwa,PK2,Pakistan,PK,2018-11-30,2018-12-18,
Ghotki,PK803,,,,Sindh,PK8,Pakistan,PK,2018-11-30,2018-12-18,
Gujranwala,PK609,,,,Punjab,PK6,Pakistan,PK,2018-11-30,2018-12-18,
Gujrat,PK610,,,,Punjab,PK6,Pakistan,PK,2018-11-30,2018-12-18,
Gwadar,PK706,,,,Balochistan,PK7,Pakistan,PK,2018-11-30,2018-12-18,
Hafizabad,PK611,,,,Punjab,PK6,Pakistan,PK,2018-11-30,2018-12-18,
Hangu,PK208,,,,Khyber Pakhtunkhwa,PK2,Pakistan,PK,2018-11-30,2018-12-18,
Haripur,PK209,,,,Khyber Pakhtunkhwa,PK2,Pakistan,PK,2018-11-30,2018-12-18,
Harnai,PK707,,,,Balochistan,PK7,Pakistan,PK,2018-11-30,2018-12-18,
Hyderabad,PK804,,,,Sindh,PK8,Pakistan,PK,2018-11-30,2018-12-18,
Islamabad,PK501,,,,Federal Capital Territory,PK5,Pakistan,PK,2018-11-30,2018-12-18,
Jacobabad,PK805,,,,Sindh,PK8,Pakistan,PK,2018-11-30,2018-12-18,
Jaffarabad,PK708,,,,Balochistan,PK7,Pakistan,PK,2018-11-30,2018-12-18,
Jamshoro,PK806,,,,Sindh,PK8,Pakistan,PK,2018-11-30,2018-12-18,
Jhal Magsi,PK709,,,,Balochistan,PK7,Pakistan,PK,2018-11-30,2018-12-18,
Jhang,PK612,,,,Punjab,PK6,Pakistan,PK,2018-11-30,2018-12-18,
Jhelum,PK613,,,,Punjab,PK6,Pakistan,PK,2018-11-30,2018-12-18,
Kachhi,PK711,,,,Balochistan,PK7,Pakistan,PK,2018-11-30,2018-12-18,
Kalat,PK710,,,,Balochistan,PK7,Pakistan,PK,2018-11-30,2018-12-18,
Karachi City,PK807,,Karachi,,Sindh,PK8,Pakistan,PK,2018-11-30,2018-12-18,
Karak,PK210,,,,Khyber Pakhtunkhwa,PK2,Pakistan,PK,2018-11-30,2018-12-18,
Kashmore,PK808,,,,Sindh,PK8,Pakistan,PK,2018-11-30,2018-12-18,
Kasur,PK614,,,,Punjab,PK6,Pakistan,PK,2018-11-30,2018-12-18,
Kech,PK712,,,,Balochistan,PK7,Pakistan,PK,2018-11-30,2018-12-18,
Khairpur,PK809,,,,Sindh,PK8,Pakistan,PK,2018-11-30,2018-12-18,
Khanewal,PK615,,,,Punjab,PK6,Pakistan,PK,2018-11-30,2018-12-18,
Kharan,PK713,,,,Balochistan,PK7,Pakistan,PK,2018-11-30,2018-12-18,
Khushab,PK616,,,,Punjab,PK6,Pakistan,PK,2018-11-30,2018-12-18,
Khuzdar,PK714,,,,Balochistan,PK7,Pakistan,PK,2018-11-30,2018-12-18,
Khyber,PK233,,,,Khyber Pakhtunkhwa,PK2,Pakistan,PK,2018-11-30,2018-12-18,
Killa Abdullah,PK715,,,,Balochistan,PK7,Pakistan,PK,2018-11-30,2018-12-18,
Killa Saifullah,PK716,,,,Balochistan,PK7,Pakistan,PK,2018-11-30,2018-12-18,
Kohat,PK211,,,,Khyber Pakhtunkhwa,PK2,Pakistan,PK,2018-11-30,2018-12-18,
Kohistan,PK212,,,,Khyber Pakhtunkhwa,PK2,Pakistan,PK,2018-11-30,2018-12-18,
Kohlu,PK717,,,,Balochistan,PK7,Pakistan,PK,2018-11-30,2018-12-18,
Kurram,PK234,,,,Khyber Pakhtunkhwa,PK2,Pakistan,PK,2018-11-30,2018-12-18,
Lahore,PK617,,,,Punjab,PK6,Pakistan,PK,2018-11-30,2018-12-18,
Lakki Marwat,PK213,,,,Khyber Pakhtunkhwa,PK2,Pakistan,PK,2018-11-30,2018-12-18,
Larkana,PK810,,,,Sindh,PK8,Pakistan,PK,2018-11-30,2018-12-18,
Las Bela,PK718,,,,Balochistan,PK7,Pakistan,PK,2018-11-30,2018-12-18,
Layyah,PK618,,,,Punjab,PK6,Pakistan,PK,2018-11-30,2018-12-18,
Lehri,PK732,,,,Balochistan,PK7,Pakistan,PK,2018-11-30,2018-12-18,
Lodhran,PK619,,,,Punjab,PK6,Pakistan,PK,2018-11-30,2018-12-18,
Loralai,PK719,,,,Balochistan,PK7,Pakistan,PK,2018-11-30,2018-12-18,
Lower Dir,PK214,,,,Khyber Pakhtunkhwa,PK2,Pakistan,PK,2018-11-30,2018-12-18,
Malakand PA,PK215,,,,Khyber Pakhtunkhwa,PK2,Pakistan,PK,2018-11-30,2018-12-18,
Mandi Bahauddin,PK620,,,,Punjab,PK6,Pakistan,PK,2018-11-30,2018-12-18,
Mansehra,PK216,,,,Khyber Pakhtunkhwa,PK2,Pakistan,PK,2018-11-30,2018-12-18,
Mardan,PK217,,,,Khyber Pakhtunkhwa,PK2,Pakistan,PK,2018-11-30,2018-12-18,
Mastung,PK720,,,,Balochistan,PK7,Pakistan,PK,2018-11-30,2018-12-18,
Matiari,PK811,,,,Sindh,PK8,Pakistan,PK,2018-11-30,2018-12-18,
Mianwali,PK621,,,,Punjab,PK6,Pakistan,PK,2018-11-30,2018-12-18,
Mirpur Khas,PK812,,,,Sindh,PK8,Pakistan,PK,2018-11-30,2018-12-18,
Mohmand,PK235,,,,Khyber Pakhtunkhwa,PK2,Pakistan,PK,2018-11-30,2018-12-18,
Multan,PK622,,,,Punjab,PK6,Pakistan,PK,2018-11-30,2018-12-18,
Musakhel,PK721,,,,Balochistan,PK7,Pakistan,PK,2018-11-30,2018-12-18,
Muzaffargarh,PK623,,,,Punjab,PK6,Pakistan,PK,2018-11-30,2018-12-18,
Nankana Sahib,PK624,,,,Punjab,PK6,Pakistan,PK,2018-11-30,2018-12-18,
Narowal,PK625,,,,Punjab,PK6,Pakistan,PK,2018-11-30,2018-12-18,
Nasirabad,PK722,,,,Balochistan,PK7,Pakistan,PK,2018-11-30,2018-12-18,
Naushahro Feroze,PK813,,,,Sindh,PK8,Pakistan,PK,2018-11-30,2018-12-18,
North Waziristan,PK236,,,,Khyber Pakhtunkhwa,PK2,Pakistan,PK,2018-11-30,2018-12-18,
Nowshera,PK218,,,,Khyber Pakhtunkhwa,PK2,Pakistan,PK,2018-11-30,2018-12-18,
Nushki,PK723,,,,Balochistan,PK7,Pakistan,PK,2018-11-30,2018-12-18,
Okara,PK626,,,,Punjab,PK6,Pakistan,PK,2018-11-30,2018-12-18,
Orakzai,PK237,,,,Khyber Pakhtunkhwa,PK2,Pakistan,PK,2018-11-30,2018-12-18,
Pakpattan,PK627,,,,Punjab,PK6,Pakistan,PK,2018-11-30,2018-12-18,
Panjgur,PK724,,,,Balochistan,PK7,Pakistan,PK,2018-11-30,2018-12-18,
Peshawar,PK219,,,,Khyber Pakhtunkhwa,PK2,Pakistan,PK,2018-11-30,2018-12-18,
Pishin,PK725,,,,Balochistan,PK7,Pakistan,PK,2018-11-30,2018-12-18,
Qambar Shahdadkot,PK815,,,,Sindh,PK8,Pakistan,PK,2018-11-30,2018-12-18,
Quetta,PK726,,,,Balochistan,PK7,Pakistan,PK,2018-11-30,2018-12-18,
Rahim Yar Khan,PK628,,,,Punjab,PK6,Pakistan,PK,2018-11-30,2018-12-18,
Rajanpur,PK629,,,,Punjab,PK6,Pakistan,PK,2018-11-30,2018-12-18,
Rawalpindi,PK630,,,,Punjab,PK6,Pakistan,PK,2018-11-30,2018-12-18,
Sahiwal,PK631,,,,Punjab,PK6,Pakistan,PK,2018-11-30,2018-12-18,
Sanghar,PK814,,,,Sindh,PK8,Pakistan,PK,2018-11-30,2018-12-18,
Sargodha,PK632,,,,Punjab,PK6,Pakistan,PK,2018-11-30,2018-12-18,
Shaheed Benazirabad,PK816,,,,Sindh,PK8,Pakistan,PK,2018-11-30,2018-12-18,
Shangla,PK220,,,,Khyber Pakhtunkhwa,PK2,Pakistan,PK,2018-11-30,2018-12-18,
Sheerani,PK727,,,,Balochistan,PK7,Pakistan,PK,2018-11-30,2018-12-18,
Sheikhupura,PK633,,,,Punjab,PK6,Pakistan,PK,2018-11-30,2018-12-18,
Shikarpur,PK817,,,,Sindh,PK8,Pakistan,PK,2018-11-30,2018-12-18,
Sialkot,PK634,,,,Punjab,PK6,Pakistan,PK,2018-11-30,2018-12-18,
Sibi,PK728,,,,Balochistan,PK7,Pakistan,PK,2018-11-30,2018-12-18,
Sohbatpur,PK733,,,,Balochistan,PK7,Pakistan,PK,2018-11-30,2018-12-18,
South Waziristan,PK238,,,,Khyber Pakhtunkhwa,PK2,Pakistan,PK,2018-11-30,2018-12-18,
Sujawal,PK824,,,,Sindh,PK8,Pakistan,PK,2018-11-30,2018-12-18,
Sukkur,PK818,,,,Sindh,PK8,Pakistan,PK,2018-11-30,2018-12-18,
Swabi,PK221,,,,Khyber Pakhtunkhwa,PK2,Pakistan,PK,2018-11-30,2018-12-18,
Swat,PK222,,,,Khyber Pakhtunkhwa,PK2,Pakistan,PK,2018-11-30,2018-12-18,
Tando Allah Yar,PK819,,,,Sindh,PK8,Pakistan,PK,2018-11-30,2018-12-18,
Tando Muhammad Khan,PK820,,,,Sindh,PK8,Pakistan,PK,2018-11-30,2018-12-18,
Tank,PK229,,,,Khyber Pakhtunkhwa,PK2,Pakistan,PK,2018-11-30,2018-12-18,
Tharparkar,PK821,,,,Sindh,PK8,Pakistan,PK,2018-11-30,2018-12-18,
Thatta,PK822,,,,Sindh,PK8,Pakistan,PK,2018-11-30,2018-12-18,
Toba Tek Singh,PK635,,,,Punjab,PK6,Pakistan,PK,2018-11-30,2018-12-18,
Tor Ghar,PK231,,,,Khyber Pakhtunkhwa,PK2,Pakistan,PK,2018-11-30,2018-12-18,
Umerkot,PK823,,,,Sindh,PK8,Pakistan,PK,2018-11-30,2018-12-18,
Upper Dir,PK230,,,,Khyber Pakhtunkhwa,PK2,Pakistan,PK,2018-11-30,2018-12-18,
Vehari,PK636,,,,Punjab,PK6,Pakistan,PK,2018-11-30,2018-12-18,
Washuk,PK729,,,,Balochistan,PK7,Pakistan,PK,2018-11-30,2018-12-18,
Zhob,PK730,,,,Balochistan,PK7,Pakistan,PK,2018-11-30,2018-12-18,
Ziarat,PK731,,,,Balochistan,PK7,Pakistan,PK,2018-11-30,2018-12-18,
