admin3Name_en,admin3Pcode,admin3RefName,admin3AltName1_en,admin3AltName2_en,admin2Name_en,admin2Pcode,admin1Name_en,admin1Pcode,admin0Name_en,admin0Pcode,date,validOn,validTo
Abbottabad,PK20101,,,,Abbottabad,PK201,Khyber Pakhtunkhwa,PK2,Pakistan,PK,2018-11-30,2018-12-18,
Ahmadupr East,PK60305,,,,Bahawalpur,PK603,Punjab,PK6,Pakistan,PK,2018-11-30,2018-12-18,
Ahmedpur Sial,PK61201,,,,Jhang,PK612,Punjab,PK6,Pakistan,PK,2018-11-30,2018-12-18,
Alai,PK20301,,,,Batagram,PK203,Khyber Pakhtunkhwa,PK2,Pakistan,PK,2018-11-30,2018-12-18,
Alipur,PK62301,,,,Muzaffargarh,PK623,Punjab,PK6,Pakistan,PK,2018-11-30,2018-12-18,
Alpuri,PK22001,,,,Shangla,PK220,Khyber Pakhtunkhwa,PK2,Pakistan,PK,2018-11-30,2018-12-18,
Ambar Utman Khel,PK23501,,,,Mohmand,PK235,Khyber Pakhtunkhwa,PK2,Pakistan,PK,2018-11-30,2018-12-18,
Arif Wala,PK62701,,,,Pakpattan,PK627,Punjab,PK6,Pakistan,PK,2018-11-30,2018-12-18,
Attock,PK60101,,,,Attock,PK601,Punjab,PK6,Pakistan,PK,2018-11-30,2018-12-18,
Awaran,PK70101,,,,Awaran,PK701,Balochistan,PK7,Pakistan,PK,2018-11-30,2018-12-18,
Baba Kot,PK72201,,,,Nasirabad,PK722,Balochistan,PK7,Pakistan,PK,2018-11-30,2018-12-18,
Babuzai,PK22201,,,,Swat,PK222,Khyber Pakhtunkhwa,PK2,Pakistan,PK,2018-11-30,2018-12-18,
Badin,PK80101,,,,Badin,PK801,Sindh,PK8,Pakistan,PK,2018-11-30,2018-12-18,
Badinai,PK71601,,,,Killa Saifullah,PK716,Balochistan,PK7,Pakistan,PK,2018-11-30,2018-12-18,
Bahawalnagar,PK60201,,,,Bahawalnagar,PK602,Punjab,PK6,Pakistan,PK,2018-11-30,2018-12-18,
Bahawalpur,PK60301,,,,Bahawalpur,PK603,Punjab,PK6,Pakistan,PK,2018-11-30,2018-12-18,
Bahrain,PK22202,,,,Swat,PK222,Khyber Pakhtunkhwa,PK2,Pakistan,PK,2018-11-30,2018-12-18,
Bakrani,PK81001,,,,Larkana,PK810,Sindh,PK8,Pakistan,PK,2018-11-30,2018-12-18,
Balakot,PK21601,,,,Mansehra,PK216,Khyber Pakhtunkhwa,PK2,Pakistan,PK,2018-11-30,2018-12-18,
Balnigor,PK71201,,,,Kech,PK712,Balochistan,PK7,Pakistan,PK,2018-11-30,2018-12-18,
Banda Daud Shah,PK21001,,,,Karak,PK210,Khyber Pakhtunkhwa,PK2,Pakistan,PK,2018-11-30,2018-12-18,
Bannu,PK20201,,,,Bannu,PK202,Khyber Pakhtunkhwa,PK2,Pakistan,PK,2018-11-30,2018-12-18,
Bar Chamarkand,PK23202,,,,Bajaur,PK232,Khyber Pakhtunkhwa,PK2,Pakistan,PK,2018-11-30,2018-12-18,
Bara,PK23301,,,,Khyber,PK233,Khyber Pakhtunkhwa,PK2,Pakistan,PK,2018-11-30,2018-12-18,
Barang,PK23201,,,,Bajaur,PK232,Khyber Pakhtunkhwa,PK2,Pakistan,PK,2018-11-30,2018-12-18,
Barawal,PK23001,,,,Upper Dir,PK230,Khyber Pakhtunkhwa,PK2,Pakistan,PK,2018-11-30,2018-12-18,
Barikot,PK22203,,,,Swat,PK222,Khyber Pakhtunkhwa,PK2,Pakistan,PK,2018-11-30,2018-12-18,
Barkhan,PK70201,,,,Barkhan,PK702,Balochistan,PK7,Pakistan,PK,2018-11-30,2018-12-18,
Barshore,PK72501,,,,Pishin,PK725,Balochistan,PK7,Pakistan,PK,2018-11-30,2018-12-18,
Batagram,PK20302,,,,Batagram,PK203,Khyber Pakhtunkhwa,PK2,Pakistan,PK,2018-11-30,2018-12-18,
Bela,PK71801,,,,Las Bela,PK718,Balochistan,PK7,Pakistan,PK,2018-11-30,2018-12-18,
Besima,PK72901,,,,Washuk,PK729,Balochistan,PK7,Pakistan,PK,2018-11-30,2018-12-18,
Bettani,PK24201,,,,FR Lakki Marwat,PK242,Khyber Pakhtunkhwa,PK2,Pakistan,PK,2018-11-30,2018-12-18,
Bhag,PK73201,,,,Lehri,PK732,Balochistan,PK7,Pakistan,PK,2018-11-30,2018-12-18,
Bhakkar,PK60401,,,,Bhakkar,PK604,Punjab,PK6,Pakistan,PK,2018-11-30,2018-12-18,
Bhalwal,PK63201,,,,Sargodha,PK632,Punjab,PK6,Pakistan,PK,2018-11-30,2018-12-18,
Bhiria,PK81301,,,,Naushahro Feroze,PK813,Sindh,PK8,Pakistan,PK,2018-11-30,2018-12-18,
Birmal,PK23801,,,,South Waziristan,PK238,Khyber Pakhtunkhwa,PK2,Pakistan,PK,2018-11-30,2018-12-18,
Bisham,PK22002,,,,Shangla,PK220,Khyber Pakhtunkhwa,PK2,Pakistan,PK,2018-11-30,2018-12-18,
Buleda,PK71202,,,,Kech,PK712,Balochistan,PK7,Pakistan,PK,2018-11-30,2018-12-18,
Bulri Shah Karim,PK82003,,,,Tando Muhammad Khan,PK820,Sindh,PK8,Pakistan,PK,2018-11-30,2018-12-18,
Burewala,PK63601,,,,Vehari,PK636,Punjab,PK6,Pakistan,PK,2018-11-30,2018-12-18,
Central Kurram,PK23401,,,,Kurram,PK234,Khyber Pakhtunkhwa,PK2,Pakistan,PK,2018-11-30,2018-12-18,
Central Orakzai,PK23701,,,,Orakzai,PK237,Khyber Pakhtunkhwa,PK2,Pakistan,PK,2018-11-30,2018-12-18,
Chachro,PK82101,,,,Tharparkar,PK821,Sindh,PK8,Pakistan,PK,2018-11-30,2018-12-18,
Chagai,PK70401,,,,Chagai,PK704,Balochistan,PK7,Pakistan,PK,2018-11-30,2018-12-18,
Chagharzai,PK20401,,,,Buner,PK204,Khyber Pakhtunkhwa,PK2,Pakistan,PK,2018-11-30,2018-12-18,
Chak Jhumra,PK60801,,,,Faisalabad,PK608,Punjab,PK6,Pakistan,PK,2018-11-30,2018-12-18,
Chakwal,PK60501,,,,Chakwal,PK605,Punjab,PK6,Pakistan,PK,2018-11-30,2018-12-18,
Chaman,PK71501,,,,Killa Abdullah,PK715,Balochistan,PK7,Pakistan,PK,2018-11-30,2018-12-18,
Chamla,PK20402,,,,Buner,PK204,Khyber Pakhtunkhwa,PK2,Pakistan,PK,2018-11-30,2018-12-18,
Charbagh,PK22204,,,,Swat,PK222,Khyber Pakhtunkhwa,PK2,Pakistan,PK,2018-11-30,2018-12-18,
Charsadda,PK20501,,,,Charsadda,PK205,Khyber Pakhtunkhwa,PK2,Pakistan,PK,2018-11-30,2018-12-18,
Chattar,PK72202,,,,Nasirabad,PK722,Balochistan,PK7,Pakistan,PK,2018-11-30,2018-12-18,
Chaubara,PK61801,,,,Layyah,PK618,Punjab,PK6,Pakistan,PK,2018-11-30,2018-12-18,
Chichawatni,PK63101,,,,Sahiwal,PK631,Punjab,PK6,Pakistan,PK,2018-11-30,2018-12-18,
Chiksar,PK22003,,,,Shangla,PK220,Khyber Pakhtunkhwa,PK2,Pakistan,PK,2018-11-30,2018-12-18,
Chiniot,PK60601,,,,Chiniot,PK606,Punjab,PK6,Pakistan,PK,2018-11-30,2018-12-18,
Chishtian,PK60202,,,,Bahawalnagar,PK602,Punjab,PK6,Pakistan,PK,2018-11-30,2018-12-18,
Chitral,PK20601,,,,Chitral,PK206,Khyber Pakhtunkhwa,PK2,Pakistan,PK,2018-11-30,2018-12-18,
Choa Saidan Shah,PK60502,,,,Chakwal,PK605,Punjab,PK6,Pakistan,PK,2018-11-30,2018-12-18,
Chunian,PK61401,,,,Kasur,PK614,Punjab,PK6,Pakistan,PK,2018-11-30,2018-12-18,
Dadu,PK80201,,,,Dadu,PK802,Sindh,PK8,Pakistan,PK,2018-11-30,2018-12-18,
Daggar,PK20403,,,,Buner,PK204,Khyber Pakhtunkhwa,PK2,Pakistan,PK,2018-11-30,2018-12-18,
Daharki,PK80301,,,,Ghotki,PK803,Sindh,PK8,Pakistan,PK,2018-11-30,2018-12-18,
Dalbandin,PK70402,,,,Chagai,PK704,Balochistan,PK7,Pakistan,PK,2018-11-30,2018-12-18,
Daraban,PK20701,,,,Dera Ismail Khan,PK207,Khyber Pakhtunkhwa,PK2,Pakistan,PK,2018-11-30,2018-12-18,
Darra Adam Khel,PK24101,,,,FR Kohat,PK241,Khyber Pakhtunkhwa,PK2,Pakistan,PK,2018-11-30,2018-12-18,
Darya Khan,PK60402,,,,Bhakkar,PK604,Punjab,PK6,Pakistan,PK,2018-11-30,2018-12-18,
Dasht (Kech),PK71203,,,,Kech,PK712,Balochistan,PK7,Pakistan,PK,2018-11-30,2018-12-18,
Dasht (Mastung),PK72001,,,,Mastung,PK720,Balochistan,PK7,Pakistan,PK,2018-11-30,2018-12-18,
Daska,PK63401,,,,Sialkot,PK634,Punjab,PK6,Pakistan,PK,2018-11-30,2018-12-18,
Dassu,PK21201,,,,Kohistan,PK212,Khyber Pakhtunkhwa,PK2,Pakistan,PK,2018-11-30,2018-12-18,
Data Khel,PK23601,,,,North Waziristan,PK236,Khyber Pakhtunkhwa,PK2,Pakistan,PK,2018-11-30,2018-12-18,
Daur,PK81601,,,,Shaheed Benazirabad,PK816,Sindh,PK8,Pakistan,PK,2018-11-30,2018-12-18,
De- Excluded Area Rajanpur,PK62901,,,,Rajanpur,PK629,Punjab,PK6,Pakistan,PK,2018-11-30,2018-12-18,
De-excluded Area D.G.Khan,PK60701,,,,Dera Ghazi Khan,PK607,Punjab,PK6,Pakistan,PK,2018-11-30,2018-12-18,
Depalpur,PK62601,,,,Okara,PK626,Punjab,PK6,Pakistan,PK,2018-11-30,2018-12-18,
Dera Bugti,PK70501,,,,Dera Bugti,PK705,Balochistan,PK7,Pakistan,PK,2018-11-30,2018-12-18,
Dera Ghazi Khan,PK60702,,,,Dera Ghazi Khan,PK607,Punjab,PK6,Pakistan,PK,2018-11-30,2018-12-18,
Dera Ismail Khan,PK20702,,,,Dera Ismail Khan,PK207,Khyber Pakhtunkhwa,PK2,Pakistan,PK,2018-11-30,2018-12-18,
Dera Murad Jamali,PK72203,,,,Nasirabad,PK722,Balochistan,PK7,Pakistan,PK,2018-11-30,2018-12-18,
Digri,PK81201,,,,Mirpur Khas,PK812,Sindh,PK8,Pakistan,PK,2018-11-30,2018-12-18,
Dina,PK61301,,,,Jhelum,PK613,Punjab,PK6,Pakistan,PK,2018-11-30,2018-12-18,
Diplo,PK82102,,,,Tharparkar,PK821,Sindh,PK8,Pakistan,PK,2018-11-30,2018-12-18,
Dir,PK23002,,,,Upper Dir,PK230,Khyber Pakhtunkhwa,PK2,Pakistan,PK,2018-11-30,2018-12-18,
Dokri,PK81002,,,,Larkana,PK810,Sindh,PK8,Pakistan,PK,2018-11-30,2018-12-18,
Domel,PK20202,,,,Bannu,PK202,Khyber Pakhtunkhwa,PK2,Pakistan,PK,2018-11-30,2018-12-18,
Dossali,PK23602,,,,North Waziristan,PK236,Khyber Pakhtunkhwa,PK2,Pakistan,PK,2018-11-30,2018-12-18,
Drazanda,PK24001,,,,FR Dera Ismail Khan,PK240,Khyber Pakhtunkhwa,PK2,Pakistan,PK,2018-11-30,2018-12-18,
Duki,PK71901,,,,Loralai,PK719,Balochistan,PK7,Pakistan,PK,2018-11-30,2018-12-18,
Dunyapur,PK61901,,,,Lodhran,PK619,Punjab,PK6,Pakistan,PK,2018-11-30,2018-12-18,
Dureji,PK71802,,,,Las Bela,PK718,Balochistan,PK7,Pakistan,PK,2018-11-30,2018-12-18,
Faisalabad City,PK60802,,,,Faisalabad,PK608,Punjab,PK6,Pakistan,PK,2018-11-30,2018-12-18,
Faisalabad Saddar,PK60803,,,,Faisalabad,PK608,Punjab,PK6,Pakistan,PK,2018-11-30,2018-12-18,
Faiz Ganj,PK80901,,,,Khairpur,PK809,Sindh,PK8,Pakistan,PK,2018-11-30,2018-12-18,
Fateh Jang,PK60102,,,,Attock,PK601,Punjab,PK6,Pakistan,PK,2018-11-30,2018-12-18,
Ferozewala,PK63301,,,,Sheikhupura,PK633,Punjab,PK6,Pakistan,PK,2018-11-30,2018-12-18,
Fort Abbas,PK60203,,,,Bahawalnagar,PK602,Punjab,PK6,Pakistan,PK,2018-11-30,2018-12-18,
Gaddani,PK71803,,,,Las Bela,PK718,Balochistan,PK7,Pakistan,PK,2018-11-30,2018-12-18,
Gagra,PK20404,,,,Buner,PK204,Khyber Pakhtunkhwa,PK2,Pakistan,PK,2018-11-30,2018-12-18,
Gambat,PK80902,,,,Khairpur,PK809,Sindh,PK8,Pakistan,PK,2018-11-30,2018-12-18,
Gandakha,PK70801,,,,Jaffarabad,PK708,Balochistan,PK7,Pakistan,PK,2018-11-30,2018-12-18,
Gandawa,PK70901,,,,Jhal Magsi,PK709,Balochistan,PK7,Pakistan,PK,2018-11-30,2018-12-18,
Garhi Khairo,PK80501,,,,Jacobabad,PK805,Sindh,PK8,Pakistan,PK,2018-11-30,2018-12-18,
Garhi Yasin,PK81701,,,,Shikarpur,PK817,Sindh,PK8,Pakistan,PK,2018-11-30,2018-12-18,
Garyum,PK23603,,,,North Waziristan,PK236,Khyber Pakhtunkhwa,PK2,Pakistan,PK,2018-11-30,2018-12-18,
Ghazi,PK20901,,,,Haripur,PK209,Khyber Pakhtunkhwa,PK2,Pakistan,PK,2018-11-30,2018-12-18,
Ghorabari,PK82201,,,,Thatta,PK822,Sindh,PK8,Pakistan,PK,2018-11-30,2018-12-18,
Ghotki,PK80302,,,,Ghotki,PK803,Sindh,PK8,Pakistan,PK,2018-11-30,2018-12-18,
Ghulam Khan,PK23604,,,,North Waziristan,PK236,Khyber Pakhtunkhwa,PK2,Pakistan,PK,2018-11-30,2018-12-18,
Gichk,PK72401,,,,Panjgur,PK724,Balochistan,PK7,Pakistan,PK,2018-11-30,2018-12-18,
Gojra,PK63501,,,,Toba Tek Singh,PK635,Punjab,PK6,Pakistan,PK,2018-11-30,2018-12-18,
Gujar Khan,PK63001,,,,Rawalpindi,PK630,Punjab,PK6,Pakistan,PK,2018-11-30,2018-12-18,
Gujranwala,PK60901,,,,Gujranwala,PK609,Punjab,PK6,Pakistan,PK,2018-11-30,2018-12-18,
Gujrat,PK61001,,,,Gujrat,PK610,Punjab,PK6,Pakistan,PK,2018-11-30,2018-12-18,
Gwadar,PK70601,,,,Gwadar,PK706,Balochistan,PK7,Pakistan,PK,2018-11-30,2018-12-18,
Hafizabad,PK61101,,,,Hafizabad,PK611,Punjab,PK6,Pakistan,PK,2018-11-30,2018-12-18,
Hala,PK81101,,,,Matiari,PK811,Sindh,PK8,Pakistan,PK,2018-11-30,2018-12-18,
Halimzai,PK23502,,,,Mohmand,PK235,Khyber Pakhtunkhwa,PK2,Pakistan,PK,2018-11-30,2018-12-18,
Hangu,PK20801,,,,Hangu,PK208,Khyber Pakhtunkhwa,PK2,Pakistan,PK,2018-11-30,2018-12-18,
Haripur,PK20902,,,,Haripur,PK209,Khyber Pakhtunkhwa,PK2,Pakistan,PK,2018-11-30,2018-12-18,
Harnai,PK70701,,,,Harnai,PK707,Balochistan,PK7,Pakistan,PK,2018-11-30,2018-12-18,
Haroonabad,PK60204,,,,Bahawalnagar,PK602,Punjab,PK6,Pakistan,PK,2018-11-30,2018-12-18,
Hasilpur,PK60302,,,,Bahawalpur,PK603,Punjab,PK6,Pakistan,PK,2018-11-30,2018-12-18,
Hassan Abdal,PK60103,,,,Attock,PK601,Punjab,PK6,Pakistan,PK,2018-11-30,2018-12-18,
Hassan Khel,PK24301,,,,FR Peshawar,PK243,Khyber Pakhtunkhwa,PK2,Pakistan,PK,2018-11-30,2018-12-18,
Hazro,PK60104,,,,Attock,PK601,Punjab,PK6,Pakistan,PK,2018-11-30,2018-12-18,
Hub,PK71804,,,,Las Bela,PK718,Balochistan,PK7,Pakistan,PK,2018-11-30,2018-12-18,
Hyderabad,PK80401,,,,Hyderabad,PK804,Sindh,PK8,Pakistan,PK,2018-11-30,2018-12-18,
Hyderabad City,PK80404,,,,Hyderabad,PK804,Sindh,PK8,Pakistan,PK,2018-11-30,2018-12-18,
Isakhel,PK62101,,,,Mianwali,PK621,Punjab,PK6,Pakistan,PK,2018-11-30,2018-12-18,
Islamabad,PK50101,,,,Islamabad,PK501,Federal Capital Territory,PK5,Pakistan,PK,2018-11-30,2018-12-18,
Ismailzai,PK23702,,,,Orakzai,PK237,Khyber Pakhtunkhwa,PK2,Pakistan,PK,2018-11-30,2018-12-18,
Jacobabad,PK80502,,,,Jacobabad,PK805,Sindh,PK8,Pakistan,PK,2018-11-30,2018-12-18,
Jahanian,PK61501,,,,Khanewal,PK615,Punjab,PK6,Pakistan,PK,2018-11-30,2018-12-18,
Jalalpur Pirwala,PK62201,,,,Multan,PK622,Punjab,PK6,Pakistan,PK,2018-11-30,2018-12-18,
Jampur,PK62902,,,,Rajanpur,PK629,Punjab,PK6,Pakistan,PK,2018-11-30,2018-12-18,
Jamrud,PK23302,,,,Khyber,PK233,Khyber Pakhtunkhwa,PK2,Pakistan,PK,2018-11-30,2018-12-18,
Jan Nawaz Ali,PK81401,,,,Sanghar,PK814,Sindh,PK8,Pakistan,PK,2018-11-30,2018-12-18,
Jand,PK60105,,,,Attock,PK601,Punjab,PK6,Pakistan,PK,2018-11-30,2018-12-18,
Jandola,PK24401,,,,FR Tank,PK244,Khyber Pakhtunkhwa,PK2,Pakistan,PK,2018-11-30,2018-12-18,
Jaranwala,PK60804,,,,Faisalabad,PK608,Punjab,PK6,Pakistan,PK,2018-11-30,2018-12-18,
Jati,PK82401,,,,Sujawal,PK824,Sindh,PK8,Pakistan,PK,2018-11-30,2018-12-18,
Jatoi,PK62302,,,,Muzaffargarh,PK623,Punjab,PK6,Pakistan,PK,2018-11-30,2018-12-18,
Jhal Jao,PK70102,,,,Awaran,PK701,Balochistan,PK7,Pakistan,PK,2018-11-30,2018-12-18,
Jhal Magsi,PK70902,,,,Jhal Magsi,PK709,Balochistan,PK7,Pakistan,PK,2018-11-30,2018-12-18,
Jhang,PK61202,,,,Jhang,PK612,Punjab,PK6,Pakistan,PK,2018-11-30,2018-12-18,
Jhat Pat,PK70802,,,,Jaffarabad,PK708,Balochistan,PK7,Pakistan,PK,2018-11-30,2018-12-18,
Jhelum,PK61302,,,,Jhelum,PK613,Punjab,PK6,Pakistan,PK,2018-11-30,2018-12-18,
Jhuddo,PK81202,,,,Mirpur Khas,PK812,Sindh,PK8,Pakistan,PK,2018-11-30,2018-12-18,
Jiwani,PK70602,,,,Gwadar,PK706,Balochistan,PK7,Pakistan,PK,2018-11-30,2018-12-18,
Johi,PK80202,,,,Dadu,PK802,Sindh,PK8,Pakistan,PK,2018-11-30,2018-12-18,
Kabal,PK22205,,,,Swat,PK222,Khyber Pakhtunkhwa,PK2,Pakistan,PK,2018-11-30,2018-12-18,
Kabirwala,PK61502,,,,Khanewal,PK615,Punjab,PK6,Pakistan,PK,2018-11-30,2018-12-18,
Kahan,PK71701,,,,Kohlu,PK717,Balochistan,PK7,Pakistan,PK,2018-11-30,2018-12-18,
Kahror Pacca,PK61902,,,,Lodhran,PK619,Punjab,PK6,Pakistan,PK,2018-11-30,2018-12-18,
Kahuta,PK63002,,,,Rawalpindi,PK630,Punjab,PK6,Pakistan,PK,2018-11-30,2018-12-18,
Kairpur Tamewali,PK60303,,,,Bahawalpur,PK603,Punjab,PK6,Pakistan,PK,2018-11-30,2018-12-18,
Kakar Khurasan,PK73001,,,,Zhob,PK730,Balochistan,PK7,Pakistan,PK,2018-11-30,2018-12-18,
Kalam,PK22206,,,,Swat,PK222,Khyber Pakhtunkhwa,PK2,Pakistan,PK,2018-11-30,2018-12-18,
Kalat,PK71001,,,,Kalat,PK710,Balochistan,PK7,Pakistan,PK,2018-11-30,2018-12-18,
Kalkot,PK23003,,,,Upper Dir,PK230,Khyber Pakhtunkhwa,PK2,Pakistan,PK,2018-11-30,2018-12-18,
Kallar Kahar,PK60503,,,,Chakwal,PK605,Punjab,PK6,Pakistan,PK,2018-11-30,2018-12-18,
Kallar Sayedan,PK63003,,,,Rawalpindi,PK630,Punjab,PK6,Pakistan,PK,2018-11-30,2018-12-18,
Kalurkot,PK60403,,,,Bhakkar,PK604,Punjab,PK6,Pakistan,PK,2018-11-30,2018-12-18,
Kamalia,PK63502,,,,Toba Tek Singh,PK635,Punjab,PK6,Pakistan,PK,2018-11-30,2018-12-18,
Kambar Ali Khan,PK81501,,,,Qambar Shahdadkot,PK815,Sindh,PK8,Pakistan,PK,2018-11-30,2018-12-18,
Kamoke,PK60902,,,,Gujranwala,PK609,Punjab,PK6,Pakistan,PK,2018-11-30,2018-12-18,
Kan Mehtarzai,PK71602,,,,Killa Saifullah,PK716,Balochistan,PK7,Pakistan,PK,2018-11-30,2018-12-18,
Kandiaro,PK81302,,,,Naushahro Feroze,PK813,Sindh,PK8,Pakistan,PK,2018-11-30,2018-12-18,
Kanhdkot,PK80801,,,,Kashmore,PK808,Sindh,PK8,Pakistan,PK,2018-11-30,2018-12-18,
Kanraj,PK71805,,,,Las Bela,PK718,Balochistan,PK7,Pakistan,PK,2018-11-30,2018-12-18,
Karachi Central,PK80703,,,,Karachi City,PK807,Sindh,PK8,Pakistan,PK,2018-11-30,2018-12-18,
Karachi East,PK80705,,,,Karachi City,PK807,Sindh,PK8,Pakistan,PK,2018-11-30,2018-12-18,
Karachi South,PK80704,,,,Karachi City,PK807,Sindh,PK8,Pakistan,PK,2018-11-30,2018-12-18,
Karachi West,PK80702,,,,Karachi City,PK807,Sindh,PK8,Pakistan,PK,2018-11-30,2018-12-18,
Karak,PK21002,,,,Karak,PK210,Khyber Pakhtunkhwa,PK2,Pakistan,PK,2018-11-30,2018-12-18,
Karezat,PK72502,,,,Pishin,PK725,Balochistan,PK7,Pakistan,PK,2018-11-30,2018-12-18,
Karor Lal Esan,PK61802,,,,Layyah,PK618,Punjab,PK6,Pakistan,PK,2018-11-30,2018-12-18,
Kashmore,PK80802,,,,Kashmore,PK808,Sindh,PK8,Pakistan,PK,2018-11-30,2018-12-18,
Kasur,PK61402,,,,Kasur,PK614,Punjab,PK6,Pakistan,PK,2018-11-30,2018-12-18,
Katlang,PK21701,,,,Mardan,PK217,Khyber Pakhtunkhwa,PK2,Pakistan,PK,2018-11-30,2018-12-18,
Kazi Ahmed,PK81602,,,,Shaheed Benazirabad,PK816,Sindh,PK8,Pakistan,PK,2018-11-30,2018-12-18,
Kech,PK71204,,,,Kech,PK712,Balochistan,PK7,Pakistan,PK,2018-11-30,2018-12-18,
Keti Bander,PK82203,,,,Thatta,PK822,Sindh,PK8,Pakistan,PK,2018-11-30,2018-12-18,
Khairpur,PK80903,,,,Khairpur,PK809,Sindh,PK8,Pakistan,PK,2018-11-30,2018-12-18,
Khairpur Nathan Shah,PK80203,,,,Dadu,PK802,Sindh,PK8,Pakistan,PK,2018-11-30,2018-12-18,
Khanewal,PK61503,,,,Khanewal,PK615,Punjab,PK6,Pakistan,PK,2018-11-30,2018-12-18,
Khangarh,PK80303,,,,Ghotki,PK803,Sindh,PK8,Pakistan,PK,2018-11-30,2018-12-18,
Khanpur (Rahim Yar Khan),PK62801,,,,Rahim Yar Khan,PK628,Punjab,PK6,Pakistan,PK,2018-11-30,2018-12-18,
Khanpur (Shikarpur),PK81702,,,,Shikarpur,PK817,Sindh,PK8,Pakistan,PK,2018-11-30,2018-12-18,
Khar,PK23203,,,,Bajaur,PK232,Khyber Pakhtunkhwa,PK2,Pakistan,PK,2018-11-30,2018-12-18,
Kharan,PK71301,,,,Kharan,PK713,Balochistan,PK7,Pakistan,PK,2018-11-30,2018-12-18,
Kharian,PK61002,,,,Gujrat,PK610,Punjab,PK6,Pakistan,PK,2018-11-30,2018-12-18,
Kharochan,PK82402,,,,Sujawal,PK824,Sindh,PK8,Pakistan,PK,2018-11-30,2018-12-18,
Khipro,PK81402,,,,Sanghar,PK814,Sindh,PK8,Pakistan,PK,2018-11-30,2018-12-18,
Khushab,PK61601,,,,Khushab,PK616,Punjab,PK6,Pakistan,PK,2018-11-30,2018-12-18,
Khuzdar,PK71401,,,,Khuzdar,PK714,Balochistan,PK7,Pakistan,PK,2018-11-30,2018-12-18,
Khwazakhela,PK22207,,,,Swat,PK222,Khyber Pakhtunkhwa,PK2,Pakistan,PK,2018-11-30,2018-12-18,
Killa Abdullah,PK71502,,,,Killa Abdullah,PK715,Balochistan,PK7,Pakistan,PK,2018-11-30,2018-12-18,
Killa Saifullah,PK71603,,,,Killa Saifullah,PK716,Balochistan,PK7,Pakistan,PK,2018-11-30,2018-12-18,
Kingri,PK80904,,,,Khairpur,PK809,Sindh,PK8,Pakistan,PK,2018-11-30,2018-12-18,
Kohat,PK21101,,,,Kohat,PK211,Khyber Pakhtunkhwa,PK2,Pakistan,PK,2018-11-30,2018-12-18,
Kohlu,PK71702,,,,Kohlu,PK717,Balochistan,PK7,Pakistan,PK,2018-11-30,2018-12-18,
Kot Addu,PK62303,,,,Muzaffargarh,PK623,Punjab,PK6,Pakistan,PK,2018-11-30,2018-12-18,
Kot Diji,PK80905,,,,Khairpur,PK809,Sindh,PK8,Pakistan,PK,2018-11-30,2018-12-18,
Kot Ghulam Muhammad,PK81203,,,,Mirpur Khas,PK812,Sindh,PK8,Pakistan,PK,2018-11-30,2018-12-18,
Kot Momin,PK63202,,,,Sargodha,PK632,Punjab,PK6,Pakistan,PK,2018-11-30,2018-12-18,
Kotli Sattian,PK63004,,,,Rawalpindi,PK630,Punjab,PK6,Pakistan,PK,2018-11-30,2018-12-18,
Kotri,PK80601,,,,Jamshoro,PK806,Sindh,PK8,Pakistan,PK,2018-11-30,2018-12-18,
Kulachi,PK20703,,,,Dera Ismail Khan,PK207,Khyber Pakhtunkhwa,PK2,Pakistan,PK,2018-11-30,2018-12-18,
Kunri,PK82301,,,,Umerkot,PK823,Sindh,PK8,Pakistan,PK,2018-11-30,2018-12-18,
Kut Mandai,PK72801,,,,Sibi,PK728,Balochistan,PK7,Pakistan,PK,2018-11-30,2018-12-18,
Lachi,PK21102,,,,Kohat,PK211,Khyber Pakhtunkhwa,PK2,Pakistan,PK,2018-11-30,2018-12-18,
Ladha,PK23802,,,,South Waziristan,PK238,Khyber Pakhtunkhwa,PK2,Pakistan,PK,2018-11-30,2018-12-18,
Lahor,PK22101,,,,Swabi,PK221,Khyber Pakhtunkhwa,PK2,Pakistan,PK,2018-11-30,2018-12-18,
Lahore Cantt,PK61701,,,,Lahore,PK617,Punjab,PK6,Pakistan,PK,2018-11-30,2018-12-18,
Lahore City,PK61702,,,,Lahore,PK617,Punjab,PK6,Pakistan,PK,2018-11-30,2018-12-18,
Lakhi,PK81703,,,,Shikarpur,PK817,Sindh,PK8,Pakistan,PK,2018-11-30,2018-12-18,
Lakhra,PK71806,,,,Las Bela,PK718,Balochistan,PK7,Pakistan,PK,2018-11-30,2018-12-18,
Lakki Marwat,PK21301,,,,Lakki Marwat,PK213,Khyber Pakhtunkhwa,PK2,Pakistan,PK,2018-11-30,2018-12-18,
Landi Kotal,PK23303,,,,Khyber,PK233,Khyber Pakhtunkhwa,PK2,Pakistan,PK,2018-11-30,2018-12-18,
Larkana,PK81003,,,,Larkana,PK810,Sindh,PK8,Pakistan,PK,2018-11-30,2018-12-18,
Latifabad,PK80403,,,,Hyderabad,PK804,Sindh,PK8,Pakistan,PK,2018-11-30,2018-12-18,
Layyah,PK61803,,,,Layyah,PK618,Punjab,PK6,Pakistan,PK,2018-11-30,2018-12-18,
Lehri,PK73202,,,,Lehri,PK732,Balochistan,PK7,Pakistan,PK,2018-11-30,2018-12-18,
Liaquatpur,PK62802,,,,Rahim Yar Khan,PK628,Punjab,PK6,Pakistan,PK,2018-11-30,2018-12-18,
Liari,PK71807,,,,Las Bela,PK718,Balochistan,PK7,Pakistan,PK,2018-11-30,2018-12-18,
Lodhran,PK61903,,,,Lodhran,PK619,Punjab,PK6,Pakistan,PK,2018-11-30,2018-12-18,
Loi Band,PK71604,,,,Killa Saifullah,PK716,Balochistan,PK7,Pakistan,PK,2018-11-30,2018-12-18,
Loralai,PK71902,,,,Loralai,PK719,Balochistan,PK7,Pakistan,PK,2018-11-30,2018-12-18,
Lower Kurram,PK23402,,,,Kurram,PK234,Khyber Pakhtunkhwa,PK2,Pakistan,PK,2018-11-30,2018-12-18,
Lower Orakzai,PK23703,,,,Orakzai,PK237,Khyber Pakhtunkhwa,PK2,Pakistan,PK,2018-11-30,2018-12-18,
Mach,PK71102,,,,Kachhi,PK711,Balochistan,PK7,Pakistan,PK,2018-11-30,2018-12-18,
Mailsi,PK63602,,,,Vehari,PK636,Punjab,PK6,Pakistan,PK,2018-11-30,2018-12-18,
Makin,PK23803,,,,South Waziristan,PK238,Khyber Pakhtunkhwa,PK2,Pakistan,PK,2018-11-30,2018-12-18,
Malakwal,PK62001,,,,Mandi Bahauddin,PK620,Punjab,PK6,Pakistan,PK,2018-11-30,2018-12-18,
Malir,PK80701,,,,Karachi City,PK807,Sindh,PK8,Pakistan,PK,2018-11-30,2018-12-18,
Mamund,PK23204,,,,Bajaur,PK232,Khyber Pakhtunkhwa,PK2,Pakistan,PK,2018-11-30,2018-12-18,
Mand,PK71205,,,,Kech,PK712,Balochistan,PK7,Pakistan,PK,2018-11-30,2018-12-18,
Mandi Bahauddin,PK62002,,,,Mandi Bahauddin,PK620,Punjab,PK6,Pakistan,PK,2018-11-30,2018-12-18,
Manjhand,PK80604,,,,Jamshoro,PK806,Sindh,PK8,Pakistan,PK,2018-11-30,2018-12-18,
Mankera,PK60404,,,,Bhakkar,PK604,Punjab,PK6,Pakistan,PK,2018-11-30,2018-12-18,
Mansehra,PK21602,,,,Mansehra,PK216,Khyber Pakhtunkhwa,PK2,Pakistan,PK,2018-11-30,2018-12-18,
Mardan,PK21702,,,,Mardan,PK217,Khyber Pakhtunkhwa,PK2,Pakistan,PK,2018-11-30,2018-12-18,
Martung,PK22004,,,,Shangla,PK220,Khyber Pakhtunkhwa,PK2,Pakistan,PK,2018-11-30,2018-12-18,
Mashkai,PK70103,,,,Awaran,PK701,Balochistan,PK7,Pakistan,PK,2018-11-30,2018-12-18,
Mashkhel,PK72902,,,,Washuk,PK729,Balochistan,PK7,Pakistan,PK,2018-11-30,2018-12-18,
Mastuj,PK20602,,,,Chitral,PK206,Khyber Pakhtunkhwa,PK2,Pakistan,PK,2018-11-30,2018-12-18,
Mastung,PK72002,,,,Mastung,PK720,Balochistan,PK7,Pakistan,PK,2018-11-30,2018-12-18,
Matiari,PK81102,,,,Matiari,PK811,Sindh,PK8,Pakistan,PK,2018-11-30,2018-12-18,
Matli,PK80102,,,,Badin,PK801,Sindh,PK8,Pakistan,PK,2018-11-30,2018-12-18,
Matta Khararai,PK22208,,,,Swat,PK222,Khyber Pakhtunkhwa,PK2,Pakistan,PK,2018-11-30,2018-12-18,
Matta Sebujni,PK22209,,,,Swat,PK222,Khyber Pakhtunkhwa,PK2,Pakistan,PK,2018-11-30,2018-12-18,
Mawand,PK71703,,,,Kohlu,PK717,Balochistan,PK7,Pakistan,PK,2018-11-30,2018-12-18,
Mehar,PK80204,,,,Dadu,PK802,Sindh,PK8,Pakistan,PK,2018-11-30,2018-12-18,
Mian Channu,PK61504,,,,Khanewal,PK615,Punjab,PK6,Pakistan,PK,2018-11-30,2018-12-18,
Mianwali,PK62102,,,,Mianwali,PK621,Punjab,PK6,Pakistan,PK,2018-11-30,2018-12-18,
Minchinabad,PK60205,,,,Bahawalnagar,PK602,Punjab,PK6,Pakistan,PK,2018-11-30,2018-12-18,
Mir Ali,PK23605,,,,North Waziristan,PK236,Khyber Pakhtunkhwa,PK2,Pakistan,PK,2018-11-30,2018-12-18,
Miran Shah,PK23606,,,,North Waziristan,PK236,Khyber Pakhtunkhwa,PK2,Pakistan,PK,2018-11-30,2018-12-18,
Miro Khan,PK81502,,,,Qambar Shahdadkot,PK815,Sindh,PK8,Pakistan,PK,2018-11-30,2018-12-18,
Mirpur Bathoro,PK82403,,,,Sujawal,PK824,Sindh,PK8,Pakistan,PK,2018-11-30,2018-12-18,
Mirpur Khas,PK81204,,,,Mirpur Khas,PK812,Sindh,PK8,Pakistan,PK,2018-11-30,2018-12-18,
Mirpur Mathelo,PK80304,,,,Ghotki,PK803,Sindh,PK8,Pakistan,PK,2018-11-30,2018-12-18,
Mirpur Sakro,PK82206,,,,Thatta,PK822,Sindh,PK8,Pakistan,PK,2018-11-30,2018-12-18,
Mirwah,PK80906,,,,Khairpur,PK809,Sindh,PK8,Pakistan,PK,2018-11-30,2018-12-18,
Mithi,PK82103,,,,Tharparkar,PK821,Sindh,PK8,Pakistan,PK,2018-11-30,2018-12-18,
Moro,PK81303,,,,Naushahro Feroze,PK813,Sindh,PK8,Pakistan,PK,2018-11-30,2018-12-18,
Multan City,PK62203,,,,Multan,PK622,Punjab,PK6,Pakistan,PK,2018-11-30,2018-12-18,
Multan Saddar,PK62202,,,,Multan,PK622,Punjab,PK6,Pakistan,PK,2018-11-30,2018-12-18,
Muridke,PK63302,,,,Sheikhupura,PK633,Punjab,PK6,Pakistan,PK,2018-11-30,2018-12-18,
Murree,PK63005,,,,Rawalpindi,PK630,Punjab,PK6,Pakistan,PK,2018-11-30,2018-12-18,
Musakhel,PK72101,,,,Musakhel,PK721,Balochistan,PK7,Pakistan,PK,2018-11-30,2018-12-18,
Muslim Bagh,PK71605,,,,Killa Saifullah,PK716,Balochistan,PK7,Pakistan,PK,2018-11-30,2018-12-18,
Muzaffargarh,PK62304,,,,Muzaffargarh,PK623,Punjab,PK6,Pakistan,PK,2018-11-30,2018-12-18,
Nag,PK72903,,,,Washuk,PK729,Balochistan,PK7,Pakistan,PK,2018-11-30,2018-12-18,
Nagarparkar,PK82104,,,,Tharparkar,PK821,Sindh,PK8,Pakistan,PK,2018-11-30,2018-12-18,
Nal,PK71402,,,,Khuzdar,PK714,Balochistan,PK7,Pakistan,PK,2018-11-30,2018-12-18,
Nankana Sahib,PK62401,,,,Nankana Sahib,PK624,Punjab,PK6,Pakistan,PK,2018-11-30,2018-12-18,
Nara,PK80907,,,,Khairpur,PK809,Sindh,PK8,Pakistan,PK,2018-11-30,2018-12-18,
Narowal,PK62501,,,,Narowal,PK625,Punjab,PK6,Pakistan,PK,2018-11-30,2018-12-18,
Naushahro Feroze,PK81304,,,,Naushahro Feroze,PK813,Sindh,PK8,Pakistan,PK,2018-11-30,2018-12-18,
Nawabshah,PK81603,,,,Shaheed Benazirabad,PK816,Sindh,PK8,Pakistan,PK,2018-11-30,2018-12-18,
Nawagai,PK23205,,,,Bajaur,PK232,Khyber Pakhtunkhwa,PK2,Pakistan,PK,2018-11-30,2018-12-18,
Nowshera,PK21801,,,,Nowshera,PK218,Khyber Pakhtunkhwa,PK2,Pakistan,PK,2018-11-30,2018-12-18,
Nowshera Virkan,PK60903,,,,Gujranwala,PK609,Punjab,PK6,Pakistan,PK,2018-11-30,2018-12-18,
Nurpur,PK61602,,,,Khushab,PK616,Punjab,PK6,Pakistan,PK,2018-11-30,2018-12-18,
Nushki,PK72301,,,,Nushki,PK723,Balochistan,PK7,Pakistan,PK,2018-11-30,2018-12-18,
Oghi,PK21603,,,,Mansehra,PK216,Khyber Pakhtunkhwa,PK2,Pakistan,PK,2018-11-30,2018-12-18,
Okara,PK62602,,,,Okara,PK626,Punjab,PK6,Pakistan,PK,2018-11-30,2018-12-18,
Ormara,PK70603,,,,Gwadar,PK706,Balochistan,PK7,Pakistan,PK,2018-11-30,2018-12-18,
Pabbi,PK21802,,,,Nowshera,PK218,Khyber Pakhtunkhwa,PK2,Pakistan,PK,2018-11-30,2018-12-18,
Paharpur,PK20704,,,,Dera Ismail Khan,PK207,Khyber Pakhtunkhwa,PK2,Pakistan,PK,2018-11-30,2018-12-18,
Pakpattan,PK62702,,,,Pakpattan,PK627,Punjab,PK6,Pakistan,PK,2018-11-30,2018-12-18,
Palas,PK21202,,,,Kohistan,PK212,Khyber Pakhtunkhwa,PK2,Pakistan,PK,2018-11-30,2018-12-18,
Panjgur,PK72402,,,,Panjgur,PK724,Balochistan,PK7,Pakistan,PK,2018-11-30,2018-12-18,
Panjpai,PK72602,,,,Quetta,PK726,Balochistan,PK7,Pakistan,PK,2018-11-30,2018-12-18,
Pano Aqil,PK81801,,,,Sukkur,PK818,Sindh,PK8,Pakistan,PK,2018-11-30,2018-12-18,
Parome,PK72403,,,,Panjgur,PK724,Balochistan,PK7,Pakistan,PK,2018-11-30,2018-12-18,
Pasni,PK70604,,,,Gwadar,PK706,Balochistan,PK7,Pakistan,PK,2018-11-30,2018-12-18,
Pasrur,PK63402,,,,Sialkot,PK634,Punjab,PK6,Pakistan,PK,2018-11-30,2018-12-18,
Pattan,PK21203,,,,Kohistan,PK212,Khyber Pakhtunkhwa,PK2,Pakistan,PK,2018-11-30,2018-12-18,
Pattoki,PK61403,,,,Kasur,PK614,Punjab,PK6,Pakistan,PK,2018-11-30,2018-12-18,
Peshawar,PK21901,,,,Peshawar,PK219,Khyber Pakhtunkhwa,PK2,Pakistan,PK,2018-11-30,2018-12-18,
Phalia,PK62003,,,,Mandi Bahauddin,PK620,Punjab,PK6,Pakistan,PK,2018-11-30,2018-12-18,
Phelawagh,PK70502,,,,Dera Bugti,PK705,Balochistan,PK7,Pakistan,PK,2018-11-30,2018-12-18,
Pind Dadan Khan,PK61303,,,,Jhelum,PK613,Punjab,PK6,Pakistan,PK,2018-11-30,2018-12-18,
Pindi Bhattian,PK61102,,,,Hafizabad,PK611,Punjab,PK6,Pakistan,PK,2018-11-30,2018-12-18,
Pindi Gheb,PK60106,,,,Attock,PK601,Punjab,PK6,Pakistan,PK,2018-11-30,2018-12-18,
Pindiali,PK23503,,,,Mohmand,PK235,Khyber Pakhtunkhwa,PK2,Pakistan,PK,2018-11-30,2018-12-18,
Piplan,PK62103,,,,Mianwali,PK621,Punjab,PK6,Pakistan,PK,2018-11-30,2018-12-18,
Pir Baba/ Gadaizi,PK20405,,,,Buner,PK204,Khyber Pakhtunkhwa,PK2,Pakistan,PK,2018-11-30,2018-12-18,
Pishin,PK72503,,,,Pishin,PK725,Balochistan,PK7,Pakistan,PK,2018-11-30,2018-12-18,
Pithoro,PK82302,,,,Umerkot,PK823,Sindh,PK8,Pakistan,PK,2018-11-30,2018-12-18,
Prang Ghar,PK23504,,,,Mohmand,PK235,Khyber Pakhtunkhwa,PK2,Pakistan,PK,2018-11-30,2018-12-18,
Puran,PK22005,,,,Shangla,PK220,Khyber Pakhtunkhwa,PK2,Pakistan,PK,2018-11-30,2018-12-18,
Qasimabad,PK80402,,,,Hyderabad,PK804,Sindh,PK8,Pakistan,PK,2018-11-30,2018-12-18,
Quaidabad,PK61603,,,,Khushab,PK616,Punjab,PK6,Pakistan,PK,2018-11-30,2018-12-18,
Qubo Saeed Khan,PK81505,,,,Qambar Shahdadkot,PK815,Sindh,PK8,Pakistan,PK,2018-11-30,2018-12-18,
Quetta City,PK72601,,,,Quetta,PK726,Balochistan,PK7,Pakistan,PK,2018-11-30,2018-12-18,
Rahim Yar Khan,PK62803,,,,Rahim Yar Khan,PK628,Punjab,PK6,Pakistan,PK,2018-11-30,2018-12-18,
Rajanpur,PK62903,,,,Rajanpur,PK629,Punjab,PK6,Pakistan,PK,2018-11-30,2018-12-18,
Ratodero,PK81004,,,,Larkana,PK810,Sindh,PK8,Pakistan,PK,2018-11-30,2018-12-18,
Rawalpindi,PK63006,,,,Rawalpindi,PK630,Punjab,PK6,Pakistan,PK,2018-11-30,2018-12-18,
Razmak,PK23607,,,,North Waziristan,PK236,Khyber Pakhtunkhwa,PK2,Pakistan,PK,2018-11-30,2018-12-18,
Renala Khurd,PK62603,,,,Okara,PK626,Punjab,PK6,Pakistan,PK,2018-11-30,2018-12-18,
Rohri,PK81802,,,,Sukkur,PK818,Sindh,PK8,Pakistan,PK,2018-11-30,2018-12-18,
Rojhan,PK62904,,,,Rajanpur,PK629,Punjab,PK6,Pakistan,PK,2018-11-30,2018-12-18,
Sadiqabad,PK62804,,,,Rahim Yar Khan,PK628,Punjab,PK6,Pakistan,PK,2018-11-30,2018-12-18,
Safdarabad,PK62402,,,,Nankana Sahib,PK624,Punjab,PK6,Pakistan,PK,2018-11-30,2018-12-18,
Safi,PK23505,,,,Mohmand,PK235,Khyber Pakhtunkhwa,PK2,Pakistan,PK,2018-11-30,2018-12-18,
Sahiwal (Sahiwal),PK63102,,,,Sahiwal,PK631,Punjab,PK6,Pakistan,PK,2018-11-30,2018-12-18,
Sahiwal (Sardogha),PK63203,,,,Sargodha,PK632,Punjab,PK6,Pakistan,PK,2018-11-30,2018-12-18,
Sakrand,PK81604,,,,Shaheed Benazirabad,PK816,Sindh,PK8,Pakistan,PK,2018-11-30,2018-12-18,
Salarzai Tehsil,PK23206,,Salarzai,,Bajaur,PK232,Khyber Pakhtunkhwa,PK2,Pakistan,PK,2018-11-30,2018-12-18,
Salehpat,PK81803,,,,Sukkur,PK818,Sindh,PK8,Pakistan,PK,2018-11-30,2018-12-18,
Sam Ranizai,PK21501,,,,Malakand PA,PK215,Khyber Pakhtunkhwa,PK2,Pakistan,PK,2018-11-30,2018-12-18,
Samar Bagh,PK21401,,,,Lower Dir,PK214,Khyber Pakhtunkhwa,PK2,Pakistan,PK,2018-11-30,2018-12-18,
Samaro,PK82303,,,,Umerkot,PK823,Sindh,PK8,Pakistan,PK,2018-11-30,2018-12-18,
Sambrial,PK63403,,,,Sialkot,PK634,Punjab,PK6,Pakistan,PK,2018-11-30,2018-12-18,
Sangan,PK72803,,,,Sibi,PK728,Balochistan,PK7,Pakistan,PK,2018-11-30,2018-12-18,
Sanghar,PK81403,,,,Sanghar,PK814,Sindh,PK8,Pakistan,PK,2018-11-30,2018-12-18,
Sangla Hill,PK62403,,,,Nankana Sahib,PK624,Punjab,PK6,Pakistan,PK,2018-11-30,2018-12-18,
Sanni,PK71103,,,,Kachhi,PK711,Balochistan,PK7,Pakistan,PK,2018-11-30,2018-12-18,
Sarai Alamgir,PK61003,,,,Gujrat,PK610,Punjab,PK6,Pakistan,PK,2018-11-30,2018-12-18,
Sarai Naurang,PK21302,,,,Lakki Marwat,PK213,Khyber Pakhtunkhwa,PK2,Pakistan,PK,2018-11-30,2018-12-18,
Sararogha,PK23804,,Saraogha,,South Waziristan,PK238,Khyber Pakhtunkhwa,PK2,Pakistan,PK,2018-11-30,2018-12-18,
Sargodha,PK63204,,,,Sargodha,PK632,Punjab,PK6,Pakistan,PK,2018-11-30,2018-12-18,
Sehwan,PK80602,,,,Jamshoro,PK806,Sindh,PK8,Pakistan,PK,2018-11-30,2018-12-18,
Serwekai,PK23805,,,,South Waziristan,PK238,Khyber Pakhtunkhwa,PK2,Pakistan,PK,2018-11-30,2018-12-18,
Shah Bander,PK82404,,,,Sujawal,PK824,Sindh,PK8,Pakistan,PK,2018-11-30,2018-12-18,
Shahdadkot,PK81503,,,,Qambar Shahdadkot,PK815,Sindh,PK8,Pakistan,PK,2018-11-30,2018-12-18,
Shahdadpur,PK81404,,,,Sanghar,PK814,Sindh,PK8,Pakistan,PK,2018-11-30,2018-12-18,
Shaheed Fazal Rahu,PK80103,,,,Badin,PK801,Sindh,PK8,Pakistan,PK,2018-11-30,2018-12-18,
Shahkot,PK62404,,,,Nankana Sahib,PK624,Punjab,PK6,Pakistan,PK,2018-11-30,2018-12-18,
Shahpur,PK63205,,,,Sargodha,PK632,Punjab,PK6,Pakistan,PK,2018-11-30,2018-12-18,
Shakargarh,PK62502,,,,Narowal,PK625,Punjab,PK6,Pakistan,PK,2018-11-30,2018-12-18,
Sharqpur,PK63303,,,,Sheikhupura,PK633,Punjab,PK6,Pakistan,PK,2018-11-30,2018-12-18,
Sheerani,PK72701,,,,Sheerani,PK727,Balochistan,PK7,Pakistan,PK,2018-11-30,2018-12-18,
Sheikhupura,PK63304,,,,Sheikhupura,PK633,Punjab,PK6,Pakistan,PK,2018-11-30,2018-12-18,
Shewa,PK23608,,,,North Waziristan,PK236,Khyber Pakhtunkhwa,PK2,Pakistan,PK,2018-11-30,2018-12-18,
Shikarpur,PK81704,,,,Shikarpur,PK817,Sindh,PK8,Pakistan,PK,2018-11-30,2018-12-18,
Shinkai,PK71606,,,,Killa Saifullah,PK716,Balochistan,PK7,Pakistan,PK,2018-11-30,2018-12-18,
Shorkot,PK61203,,,,Jhang,PK612,Punjab,PK6,Pakistan,PK,2018-11-30,2018-12-18,
Shuabad,PK62204,,,,Multan,PK622,Punjab,PK6,Pakistan,PK,2018-11-30,2018-12-18,
Sialkot,PK63404,,,,Sialkot,PK634,Punjab,PK6,Pakistan,PK,2018-11-30,2018-12-18,
Sibi,PK72804,,,,Sibi,PK728,Balochistan,PK7,Pakistan,PK,2018-11-30,2018-12-18,
Sillanwali,PK63206,,,,Sargodha,PK632,Punjab,PK6,Pakistan,PK,2018-11-30,2018-12-18,
Sinjawi,PK73101,,,,Ziarat,PK731,Balochistan,PK7,Pakistan,PK,2018-11-30,2018-12-18,
Sinjhoro,PK81405,,,,Sanghar,PK814,Sindh,PK8,Pakistan,PK,2018-11-30,2018-12-18,
Sobodhero,PK80908,,,,Khairpur,PK809,Sindh,PK8,Pakistan,PK,2018-11-30,2018-12-18,
Sohawa,PK61304,,,,Jhelum,PK613,Punjab,PK6,Pakistan,PK,2018-11-30,2018-12-18,
Sohbatpur,PK73301,,,,Sohbatpur,PK733,Balochistan,PK7,Pakistan,PK,2018-11-30,2018-12-18,
Sonmiani,PK71808,,,,Las Bela,PK718,Balochistan,PK7,Pakistan,PK,2018-11-30,2018-12-18,
Spinwam,PK23609,,,,North Waziristan,PK236,Khyber Pakhtunkhwa,PK2,Pakistan,PK,2018-11-30,2018-12-18,
Sui,PK70503,,,,Dera Bugti,PK705,Balochistan,PK7,Pakistan,PK,2018-11-30,2018-12-18,
Sujawal,PK82405,,,,Sujawal,PK824,Sindh,PK8,Pakistan,PK,2018-11-30,2018-12-18,
Sukkur,PK81804,,,,Sukkur,PK818,Sindh,PK8,Pakistan,PK,2018-11-30,2018-12-18,
Summundari,PK60805,,,,Faisalabad,PK608,Punjab,PK6,Pakistan,PK,2018-11-30,2018-12-18,
Surab,PK71002,,,,Kalat,PK710,Balochistan,PK7,Pakistan,PK,2018-11-30,2018-12-18,
Swabi,PK22102,,,,Swabi,PK221,Khyber Pakhtunkhwa,PK2,Pakistan,PK,2018-11-30,2018-12-18,
Swat Ranizai,PK21502,,,,Malakand PA,PK215,Khyber Pakhtunkhwa,PK2,Pakistan,PK,2018-11-30,2018-12-18,
Taftan,PK70403,,,,Chagai,PK704,Balochistan,PK7,Pakistan,PK,2018-11-30,2018-12-18,
Takht Bhai,PK21703,,,,Mardan,PK217,Khyber Pakhtunkhwa,PK2,Pakistan,PK,2018-11-30,2018-12-18,
Takht E Nasrati,PK21003,,,,Karak,PK210,Khyber Pakhtunkhwa,PK2,Pakistan,PK,2018-11-30,2018-12-18,
Talagang,PK60504,,,,Chakwal,PK605,Punjab,PK6,Pakistan,PK,2018-11-30,2018-12-18,
Tall,PK20802,,,,Hangu,PK208,Khyber Pakhtunkhwa,PK2,Pakistan,PK,2018-11-30,2018-12-18,
Tamboo,PK72204,,,,Nasirabad,PK722,Balochistan,PK7,Pakistan,PK,2018-11-30,2018-12-18,
Tandlianwala,PK60806,,,,Faisalabad,PK608,Punjab,PK6,Pakistan,PK,2018-11-30,2018-12-18,
Tando Adam,PK81406,,,,Sanghar,PK814,Sindh,PK8,Pakistan,PK,2018-11-30,2018-12-18,
Tando Allah Yar,PK81901,,,,Tando Allah Yar,PK819,Sindh,PK8,Pakistan,PK,2018-11-30,2018-12-18,
Tando Bago,PK80104,,,,Badin,PK801,Sindh,PK8,Pakistan,PK,2018-11-30,2018-12-18,
Tando Ghulam Hyder,PK82002,,,,Tando Muhammad Khan,PK820,Sindh,PK8,Pakistan,PK,2018-11-30,2018-12-18,
Tando Muhammad Khan,PK82001,,,,Tando Muhammad Khan,PK820,Sindh,PK8,Pakistan,PK,2018-11-30,2018-12-18,
Tangi,PK20502,,,,Charsadda,PK205,Khyber Pakhtunkhwa,PK2,Pakistan,PK,2018-11-30,2018-12-18,
Tangwani,PK80803,,,,Kashmore,PK808,Sindh,PK8,Pakistan,PK,2018-11-30,2018-12-18,
Tank,PK22901,,,,Tank,PK229,Khyber Pakhtunkhwa,PK2,Pakistan,PK,2018-11-30,2018-12-18,
Taunsa,PK60703,,,,Dera Ghazi Khan,PK607,Punjab,PK6,Pakistan,PK,2018-11-30,2018-12-18,
Taxila,PK63007,,,,Rawalpindi,PK630,Punjab,PK6,Pakistan,PK,2018-11-30,2018-12-18,
Thano Bula Khan,PK80603,,,,Jamshoro,PK806,Sindh,PK8,Pakistan,PK,2018-11-30,2018-12-18,
Thatta,PK82209,,,,Thatta,PK822,Sindh,PK8,Pakistan,PK,2018-11-30,2018-12-18,
Thul,PK80503,,,,Jacobabad,PK805,Sindh,PK8,Pakistan,PK,2018-11-30,2018-12-18,
Tiarza,PK23806,,,,South Waziristan,PK238,Khyber Pakhtunkhwa,PK2,Pakistan,PK,2018-11-30,2018-12-18,
Timergara,PK21402,,,,Lower Dir,PK214,Khyber Pakhtunkhwa,PK2,Pakistan,PK,2018-11-30,2018-12-18,
Toba Tek Singh,PK63503,,,,Toba Tek Singh,PK635,Punjab,PK6,Pakistan,PK,2018-11-30,2018-12-18,
Toi Khulla,PK23807,,,,South Waziristan,PK238,Khyber Pakhtunkhwa,PK2,Pakistan,PK,2018-11-30,2018-12-18,
Topi,PK22103,,,,Swabi,PK221,Khyber Pakhtunkhwa,PK2,Pakistan,PK,2018-11-30,2018-12-18,
Tor Ghar,PK23101,,,,Tor Ghar,PK231,Khyber Pakhtunkhwa,PK2,Pakistan,PK,2018-11-30,2018-12-18,
Totalai,PK20406,,,,Buner,PK204,Khyber Pakhtunkhwa,PK2,Pakistan,PK,2018-11-30,2018-12-18,
Tump,PK71206,,,,Kech,PK712,Balochistan,PK7,Pakistan,PK,2018-11-30,2018-12-18,
Ubauro,PK80305,,,,Ghotki,PK803,Sindh,PK8,Pakistan,PK,2018-11-30,2018-12-18,
Umerkot,PK82304,,,,Umerkot,PK823,Sindh,PK8,Pakistan,PK,2018-11-30,2018-12-18,
Upper Kurram,PK23403,,,,Kurram,PK234,Khyber Pakhtunkhwa,PK2,Pakistan,PK,2018-11-30,2018-12-18,
Upper Momand,PK23506,,,,Mohmand,PK235,Khyber Pakhtunkhwa,PK2,Pakistan,PK,2018-11-30,2018-12-18,
Upper Orakzai,PK23704,,,,Orakzai,PK237,Khyber Pakhtunkhwa,PK2,Pakistan,PK,2018-11-30,2018-12-18,
Usta Muhammad,PK70804,,,,Jaffarabad,PK708,Balochistan,PK7,Pakistan,PK,2018-11-30,2018-12-18,
Uthal,PK71809,,,,Las Bela,PK718,Balochistan,PK7,Pakistan,PK,2018-11-30,2018-12-18,
Utman Khel Tehsil,PK23207,,Utman Khel,,Bajaur,PK232,Khyber Pakhtunkhwa,PK2,Pakistan,PK,2018-11-30,2018-12-18,
Vehari,PK63603,,,,Vehari,PK636,Punjab,PK6,Pakistan,PK,2018-11-30,2018-12-18,
Wadh,PK71403,,,,Khuzdar,PK714,Balochistan,PK7,Pakistan,PK,2018-11-30,2018-12-18,
Wana,PK23808,,,,South Waziristan,PK238,Khyber Pakhtunkhwa,PK2,Pakistan,PK,2018-11-30,2018-12-18,
Warah,PK81504,,,,Qambar Shahdadkot,PK815,Sindh,PK8,Pakistan,PK,2018-11-30,2018-12-18,
Wari,PK23004,,,,Upper Dir,PK230,Khyber Pakhtunkhwa,PK2,Pakistan,PK,2018-11-30,2018-12-18,
Washuk,PK72904,,,,Washuk,PK729,Balochistan,PK7,Pakistan,PK,2018-11-30,2018-12-18,
Wazir,PK23901,,,,FR Bannu,PK239,Khyber Pakhtunkhwa,PK2,Pakistan,PK,2018-11-30,2018-12-18,
Wazirabad,PK60904,,,,Gujranwala,PK609,Punjab,PK6,Pakistan,PK,2018-11-30,2018-12-18,
Yaka Ghund,PK23507,,,,Mohmand,PK235,Khyber Pakhtunkhwa,PK2,Pakistan,PK,2018-11-30,2018-12-18,
Yazman,PK60304,,,,Bahawalpur,PK603,Punjab,PK6,Pakistan,PK,2018-11-30,2018-12-18,
Zehri,PK71404,,,,Khuzdar,PK714,Balochistan,PK7,Pakistan,PK,2018-11-30,2018-12-18,
Zhob,PK73002,,,,Zhob,PK730,Balochistan,PK7,Pakistan,PK,2018-11-30,2018-12-18,
Ziarat,PK73102,,,,Ziarat,PK731,Balochistan,PK7,Pakistan,PK,2018-11-30,2018-12-18,
